"Title","Media URL","Pinterest board","Thumbnail","Description","Link","Publish date","Keywords"
"30 игр на день рождения для детей дома","https://raw.githubusercontent.com/BigBadBLOO/ideas-blog/main/public/pins/igry-na-den-rozhdeniya-dlya-detej/1.png","Конкурсы и игры на день рождения","","Игры на день рождения для детей дома: 30 игр для квартиры — подвижные, спокойные, командные, для знакомства и для детей разного возраста. Правила и реквизит. Готовые квесты и задания для печати — на kvestovichok.ru.","http://kvestovichok.ru/konkursy-i-igry/igry-na-den-rozhdeniya-dlya-detej/?utm_source=pinterest&utm_medium=pin&utm_content=igry-na-den-rozhdeniya-dlya-detej-1","2026-09-28T06:00:00",""
"25 конкурсов на день рождения для детей","https://raw.githubusercontent.com/BigBadBLOO/ideas-blog/main/public/pins/konkursy-na-den-rozhdeniya-dlya-detej/1.png","Конкурсы и игры на день рождения","","Конкурсы на день рождения для детей дома: 25 заданий для 3–4, 5–7, 8–10 и 11–13 лет плюс застольные. Правила, реквизит из квартиры и идеи призов. Готовые квесты и задания для печати — на kvestovichok.ru.","http://kvestovichok.ru/konkursy-i-igry/konkursy-na-den-rozhdeniya-dlya-detej/?utm_source=pinterest&utm_medium=pin&utm_content=konkursy-na-den-rozhdeniya-dlya-detej-1","2026-09-28T11:00:00",""
"Квест для детей 10 лет: 12 заданий","https://raw.githubusercontent.com/BigBadBLOO/ideas-blog/main/public/pins/kvest-dlya-detej-10-12-let/1.png","Квесты для детей дома","","Готовый квест для детей 10 лет, 11 и 12 лет дома: сюжет про агентов, 12 заданий с шифрами и логикой, ответы, места для записок и командный вариант. Готовые квесты и задания для печати — на kvestovichok.ru.","http://kvestovichok.ru/kvesty/kvest-dlya-detej-10-12-let/?utm_source=pinterest&utm_medium=pin&utm_content=kvest-dlya-detej-10-12-let-1","2026-09-28T17:00:00",""
"Квест на день рождения: 15 загадок","https://raw.githubusercontent.com/BigBadBLOO/ideas-blog/main/public/pins/kvest-dlya-detej-na-den-rozhdeniya-doma/1.png","Квесты для детей дома","","Готовый домашний квест на день рождения: 15 загадок с ответами и местами, где прятать записки, испытания между этапами и советы по возрасту от 5 до 10 лет. Готовые квесты и задания для печати — на kvestovichok.ru.","http://kvestovichok.ru/kvesty/kvest-dlya-detej-na-den-rozhdeniya-doma/?utm_source=pinterest&utm_medium=pin&utm_content=kvest-dlya-detej-na-den-rozhdeniya-doma-1","2026-09-29T06:00:00",""
"Сценарий ДР ребёнка дома: 12 игр","https://raw.githubusercontent.com/BigBadBLOO/ideas-blog/main/public/pins/scenarij-dnya-rozhdeniya-rebenka-doma/1.png","Детский праздник дома: сценарии","","Сценарий дня рождения ребёнка дома на 2 часа: 12 игр по порядку, тексты для ведущего, варианты для 5–7 и 8–10 лет, чек-лист подготовки и советы по бюджету. Готовые квесты и задания для печати — на kvestovichok.ru.","http://kvestovichok.ru/prazdniki/scenarij-dnya-rozhdeniya-rebenka-doma/?utm_source=pinterest&utm_medium=pin&utm_content=scenarij-dnya-rozhdeniya-rebenka-doma-1","2026-09-29T11:00:00",""
"30 заданий для детского квеста дома","https://raw.githubusercontent.com/BigBadBLOO/ideas-blog/main/public/pins/zadaniya-dlya-kvesta/1.png","Квесты для детей дома","","Задания для квеста для детей дома: 30 идей — загадки, шифры, головоломки, испытания и задания для малышей без чтения. С примерами, ответами и реквизитом. Готовые квесты и задания для печати — на kvestovichok.ru.","http://kvestovichok.ru/kvesty/zadaniya-dlya-kvesta/?utm_source=pinterest&utm_medium=pin&utm_content=zadaniya-dlya-kvesta-1","2026-09-29T17:00:00",""
"10 подвижных игр для квартиры","https://raw.githubusercontent.com/BigBadBLOO/ideas-blog/main/public/pins/igry-na-den-rozhdeniya-dlya-detej/2.png","Конкурсы и игры на день рождения","","Игры на день рождения для детей дома: 30 игр для квартиры — подвижные, спокойные, командные, для знакомства и для детей разного возраста. Правила и реквизит. Готовые квесты и задания для печати — на kvestovichok.ru.","http://kvestovichok.ru/konkursy-i-igry/igry-na-den-rozhdeniya-dlya-detej/?utm_source=pinterest&utm_medium=pin&utm_content=igry-na-den-rozhdeniya-dlya-detej-2","2026-09-30T06:00:00",""
"Конкурсы на ДР дома: 3–13 лет","https://raw.githubusercontent.com/BigBadBLOO/ideas-blog/main/public/pins/konkursy-na-den-rozhdeniya-dlya-detej/2.png","Конкурсы и игры на день рождения","","Конкурсы на день рождения для детей дома: 25 заданий для 3–4, 5–7, 8–10 и 11–13 лет плюс застольные. Правила, реквизит из квартиры и идеи призов. Готовые квесты и задания для печати — на kvestovichok.ru.","http://kvestovichok.ru/konkursy-i-igry/konkursy-na-den-rozhdeniya-dlya-detej/?utm_source=pinterest&utm_medium=pin&utm_content=konkursy-na-den-rozhdeniya-dlya-detej-2","2026-09-30T11:00:00",""
"12 заданий с шифрами для квеста дома","https://raw.githubusercontent.com/BigBadBLOO/ideas-blog/main/public/pins/kvest-dlya-detej-10-12-let/2.png","Квесты для детей дома","","Готовый квест для детей 10 лет, 11 и 12 лет дома: сюжет про агентов, 12 заданий с шифрами и логикой, ответы, места для записок и командный вариант. Готовые квесты и задания для печати — на kvestovichok.ru.","http://kvestovichok.ru/kvesty/kvest-dlya-detej-10-12-let/?utm_source=pinterest&utm_medium=pin&utm_content=kvest-dlya-detej-10-12-let-2","2026-09-30T17:00:00",""
"Поиск подарка дома: готовый квест","https://raw.githubusercontent.com/BigBadBLOO/ideas-blog/main/public/pins/kvest-dlya-detej-na-den-rozhdeniya-doma/2.png","Квесты для детей дома","","Готовый домашний квест на день рождения: 15 загадок с ответами и местами, где прятать записки, испытания между этапами и советы по возрасту от 5 до 10 лет. Готовые квесты и задания для печати — на kvestovichok.ru.","http://kvestovichok.ru/kvesty/kvest-dlya-detej-na-den-rozhdeniya-doma/?utm_source=pinterest&utm_medium=pin&utm_content=kvest-dlya-detej-na-den-rozhdeniya-doma-2","2026-10-01T06:00:00",""
"Детский день рождения дома за 2 часа","https://raw.githubusercontent.com/BigBadBLOO/ideas-blog/main/public/pins/scenarij-dnya-rozhdeniya-rebenka-doma/2.png","Детский праздник дома: сценарии","","Сценарий дня рождения ребёнка дома на 2 часа: 12 игр по порядку, тексты для ведущего, варианты для 5–7 и 8–10 лет, чек-лист подготовки и советы по бюджету. Готовые квесты и задания для печати — на kvestovichok.ru.","http://kvestovichok.ru/prazdniki/scenarij-dnya-rozhdeniya-rebenka-doma/?utm_source=pinterest&utm_medium=pin&utm_content=scenarij-dnya-rozhdeniya-rebenka-doma-2","2026-10-01T11:00:00",""
"6 шифров для квеста с примерами","https://raw.githubusercontent.com/BigBadBLOO/ideas-blog/main/public/pins/zadaniya-dlya-kvesta/2.png","Квесты для детей дома","","Задания для квеста для детей дома: 30 идей — загадки, шифры, головоломки, испытания и задания для малышей без чтения. С примерами, ответами и реквизитом. Готовые квесты и задания для печати — на kvestovichok.ru.","http://kvestovichok.ru/kvesty/zadaniya-dlya-kvesta/?utm_source=pinterest&utm_medium=pin&utm_content=zadaniya-dlya-kvesta-2","2026-10-01T17:00:00",""
"Игры для детей разного возраста","https://raw.githubusercontent.com/BigBadBLOO/ideas-blog/main/public/pins/igry-na-den-rozhdeniya-dlya-detej/3.png","Конкурсы и игры на день рождения","","Игры на день рождения для детей дома: 30 игр для квартиры — подвижные, спокойные, командные, для знакомства и для детей разного возраста. Правила и реквизит. Готовые квесты и задания для печати — на kvestovichok.ru.","http://kvestovichok.ru/konkursy-i-igry/igry-na-den-rozhdeniya-dlya-detej/?utm_source=pinterest&utm_medium=pin&utm_content=igry-na-den-rozhdeniya-dlya-detej-3","2026-10-02T06:00:00",""
"4 конкурса для детей за столом","https://raw.githubusercontent.com/BigBadBLOO/ideas-blog/main/public/pins/konkursy-na-den-rozhdeniya-dlya-detej/3.png","Конкурсы и игры на день рождения","","Конкурсы на день рождения для детей дома: 25 заданий для 3–4, 5–7, 8–10 и 11–13 лет плюс застольные. Правила, реквизит из квартиры и идеи призов. Готовые квесты и задания для печати — на kvestovichok.ru.","http://kvestovichok.ru/konkursy-i-igry/konkursy-na-den-rozhdeniya-dlya-detej/?utm_source=pinterest&utm_medium=pin&utm_content=konkursy-na-den-rozhdeniya-dlya-detej-3","2026-10-02T11:00:00",""
"Квест на 10–12 лет с ответами","https://raw.githubusercontent.com/BigBadBLOO/ideas-blog/main/public/pins/kvest-dlya-detej-10-12-let/3.png","Квесты для детей дома","","Готовый квест для детей 10 лет, 11 и 12 лет дома: сюжет про агентов, 12 заданий с шифрами и логикой, ответы, места для записок и командный вариант. Готовые квесты и задания для печати — на kvestovichok.ru.","http://kvestovichok.ru/kvesty/kvest-dlya-detej-10-12-let/?utm_source=pinterest&utm_medium=pin&utm_content=kvest-dlya-detej-10-12-let-3","2026-10-02T17:00:00",""
"15 загадок для квеста с ответами","https://raw.githubusercontent.com/BigBadBLOO/ideas-blog/main/public/pins/kvest-dlya-detej-na-den-rozhdeniya-doma/3.png","Квесты для детей дома","","Готовый домашний квест на день рождения: 15 загадок с ответами и местами, где прятать записки, испытания между этапами и советы по возрасту от 5 до 10 лет. Готовые квесты и задания для печати — на kvestovichok.ru.","http://kvestovichok.ru/kvesty/kvest-dlya-detej-na-den-rozhdeniya-doma/?utm_source=pinterest&utm_medium=pin&utm_content=kvest-dlya-detej-na-den-rozhdeniya-doma-3","2026-10-03T06:00:00",""
"Программа ДР для детей 5–10 лет: 12 игр","https://raw.githubusercontent.com/BigBadBLOO/ideas-blog/main/public/pins/scenarij-dnya-rozhdeniya-rebenka-doma/3.png","Детский праздник дома: сценарии","","Сценарий дня рождения ребёнка дома на 2 часа: 12 игр по порядку, тексты для ведущего, варианты для 5–7 и 8–10 лет, чек-лист подготовки и советы по бюджету. Готовые квесты и задания для печати — на kvestovichok.ru.","http://kvestovichok.ru/prazdniki/scenarij-dnya-rozhdeniya-rebenka-doma/?utm_source=pinterest&utm_medium=pin&utm_content=scenarij-dnya-rozhdeniya-rebenka-doma-3","2026-10-03T11:00:00",""
"Задания для квеста: 4 идеи для малышей","https://raw.githubusercontent.com/BigBadBLOO/ideas-blog/main/public/pins/zadaniya-dlya-kvesta/3.png","Квесты для детей дома","","Задания для квеста для детей дома: 30 идей — загадки, шифры, головоломки, испытания и задания для малышей без чтения. С примерами, ответами и реквизитом. Готовые квесты и задания для печати — на kvestovichok.ru.","http://kvestovichok.ru/kvesty/zadaniya-dlya-kvesta/?utm_source=pinterest&utm_medium=pin&utm_content=zadaniya-dlya-kvesta-3","2026-10-03T17:00:00",""
"4 игры-знакомства на праздник","https://raw.githubusercontent.com/BigBadBLOO/ideas-blog/main/public/pins/igry-na-den-rozhdeniya-dlya-detej/4.png","Конкурсы и игры на день рождения","","Игры на день рождения для детей дома: 30 игр для квартиры — подвижные, спокойные, командные, для знакомства и для детей разного возраста. Правила и реквизит. Готовые квесты и задания для печати — на kvestovichok.ru.","http://kvestovichok.ru/konkursy-i-igry/igry-na-den-rozhdeniya-dlya-detej/?utm_source=pinterest&utm_medium=pin&utm_content=igry-na-den-rozhdeniya-dlya-detej-4","2026-10-04T06:00:00",""
"25 весёлых конкурсов без аниматора","https://raw.githubusercontent.com/BigBadBLOO/ideas-blog/main/public/pins/konkursy-na-den-rozhdeniya-dlya-detej/4.png","Конкурсы и игры на день рождения","","Конкурсы на день рождения для детей дома: 25 заданий для 3–4, 5–7, 8–10 и 11–13 лет плюс застольные. Правила, реквизит из квартиры и идеи призов. Готовые квесты и задания для печати — на kvestovichok.ru.","http://kvestovichok.ru/konkursy-i-igry/konkursy-na-den-rozhdeniya-dlya-detej/?utm_source=pinterest&utm_medium=pin&utm_content=konkursy-na-den-rozhdeniya-dlya-detej-4","2026-10-04T11:00:00",""
"Квест с шифрами: 12 этапов на 11–12 лет","https://raw.githubusercontent.com/BigBadBLOO/ideas-blog/main/public/pins/kvest-dlya-detej-10-12-let/4.png","Квесты для детей дома","","Готовый квест для детей 10 лет, 11 и 12 лет дома: сюжет про агентов, 12 заданий с шифрами и логикой, ответы, места для записок и командный вариант. Готовые квесты и задания для печати — на kvestovichok.ru.","http://kvestovichok.ru/kvesty/kvest-dlya-detej-10-12-let/?utm_source=pinterest&utm_medium=pin&utm_content=kvest-dlya-detej-10-12-let-4","2026-10-04T17:00:00",""
"Чек-лист ДР дома: 3 этапа подготовки","https://raw.githubusercontent.com/BigBadBLOO/ideas-blog/main/public/pins/scenarij-dnya-rozhdeniya-rebenka-doma/4.png","Детский праздник дома: сценарии","","Сценарий дня рождения ребёнка дома на 2 часа: 12 игр по порядку, тексты для ведущего, варианты для 5–7 и 8–10 лет, чек-лист подготовки и советы по бюджету. Готовые квесты и задания для печати — на kvestovichok.ru.","http://kvestovichok.ru/prazdniki/scenarij-dnya-rozhdeniya-rebenka-doma/?utm_source=pinterest&utm_medium=pin&utm_content=scenarij-dnya-rozhdeniya-rebenka-doma-4","2026-10-05T06:00:00",""
"Квест дома: 30 заданий от 5 до 12 лет","https://raw.githubusercontent.com/BigBadBLOO/ideas-blog/main/public/pins/zadaniya-dlya-kvesta/4.png","Квесты для детей дома","","Задания для квеста для детей дома: 30 идей — загадки, шифры, головоломки, испытания и задания для малышей без чтения. С примерами, ответами и реквизитом. Готовые квесты и задания для печати — на kvestovichok.ru.","http://kvestovichok.ru/kvesty/zadaniya-dlya-kvesta/?utm_source=pinterest&utm_medium=pin&utm_content=zadaniya-dlya-kvesta-4","2026-10-05T11:00:00",""
"Новогодний квест дома: 12 загадок","https://raw.githubusercontent.com/BigBadBLOO/ideas-blog/main/public/pins/novogodnij-kvest-dlya-detej/1.png","Новый год с детьми: игры и идеи","","Готовый новогодний квест для детей дома: письмо Деда Мороза, 12 зимних загадок с ответами и местами для записок, испытания и финал с подарком под ёлкой. Готовые квесты и задания для печати — на kvestovichok.ru.","http://kvestovichok.ru/kvesty/novogodnij-kvest-dlya-detej/?utm_source=pinterest&utm_medium=pin&utm_content=novogodnij-kvest-dlya-detej-1","2026-10-20T06:00:00",""
"Письмо Деда Мороза и 12 подсказок","https://raw.githubusercontent.com/BigBadBLOO/ideas-blog/main/public/pins/novogodnij-kvest-dlya-detej/2.png","Новый год с детьми: игры и идеи","","Готовый новогодний квест для детей дома: письмо Деда Мороза, 12 зимних загадок с ответами и местами для записок, испытания и финал с подарком под ёлкой. Готовые квесты и задания для печати — на kvestovichok.ru.","http://kvestovichok.ru/kvesty/novogodnij-kvest-dlya-detej/?utm_source=pinterest&utm_medium=pin&utm_content=novogodnij-kvest-dlya-detej-2","2026-10-22T06:00:00",""
"Квест на 31 декабря для детей 5–10 лет","https://raw.githubusercontent.com/BigBadBLOO/ideas-blog/main/public/pins/novogodnij-kvest-dlya-detej/3.png","Новый год с детьми: игры и идеи","","Готовый новогодний квест для детей дома: письмо Деда Мороза, 12 зимних загадок с ответами и местами для записок, испытания и финал с подарком под ёлкой. Готовые квесты и задания для печати — на kvestovichok.ru.","http://kvestovichok.ru/kvesty/novogodnij-kvest-dlya-detej/?utm_source=pinterest&utm_medium=pin&utm_content=novogodnij-kvest-dlya-detej-3","2026-10-24T06:00:00",""
"31 задание для адвент-календаря","https://raw.githubusercontent.com/BigBadBLOO/ideas-blog/main/public/pins/advent-kalendar-dlya-detej-zadaniya/1.png","Новый год с детьми: игры и идеи","","Адвент календарь для детей: задания на каждый день с 1 по 31 декабря с пометками по возрасту, как сделать календарь из конвертов и что положить кроме сладостей. Готовые квесты и задания для печати — на kvestovichok.ru.","http://kvestovichok.ru/prazdniki/advent-kalendar-dlya-detej-zadaniya/?utm_source=pinterest&utm_medium=pin&utm_content=advent-kalendar-dlya-detej-zadaniya-1","2026-10-25T06:00:00",""
